Date,Day,T-00-01,T-01-02,T-02-03,T-03-04,T-04-05,T-05-06,T-06-07,T-07-08,T-08-09,T-09-10,T-10-11,T-11-12,T-12-13,T-13-14,T-14-15,T-15-16,T-16-17,T-17-18,T-18-19,T-19-20,T-20-21,T-21-22,T-22-23,T-23-24
01-Jan-2021,Fri,3,3,3,3,3,3,3,3,3,3,3,3,3,3,3,3,3,3,3,3,3,3,3,3
02-Jan-2021,Sat,3,3,3,3,3,3,3,3,3,3,3,3,3,3,3,3,3,3,3,3,3,3,3,3
03-Jan-2021,Sun,3,3,3,3,3,3,3,3,3,3,3,3,3,3,3,3,3,3,3,3,3,3,3,3
04-Jan-2021,Mon,3,3,3,3,3,3,3,3,2,2,1,1,1,1,2,2,2,2,1,1,1,1,2,2
05-Jan-2021,Tue,3,3,3,3,3,3,3,3,2,2,1,1,1,1,2,2,2,2,1,1,1,1,2,2
06-Jan-2021,Wed,3,3,3,3,3,3,3,3,3,3,3,3,3,3,3,3,3,3,3,3,3,3,3,3
07-Jan-2021,Thu,3,3,3,3,3,3,3,3,2,2,1,1,1,1,2,2,2,2,1,1,1,1,2,2
08-Jan-2021,Fri,3,3,3,3,3,3,3,3,2,2,1,1,1,1,2,2,2,2,1,1,1,1,2,2
09-Jan-2021,Sat,3,3,3,3,3,3,3,3,3,3,3,3,3,3,3,3,3,3,3,3,3,3,3,3
10-Jan-2021,Sun,3,3,3,3,3,3,3,3,3,3,3,3,3,3,3,3,3,3,3,3,3,3,3,3
11-Jan-2021,Mon,3,3,3,3,3,3,3,3,2,2,1,1,1,1,2,2,2,2,1,1,1,1,2,2
12-Jan-2021,Tue,3,3,3,3,3,3,3,3,2,2,1,1,1,1,2,2,2,2,1,1,1,1,2,2
13-Jan-2021,Wed,3,3,3,3,3,3,3,3,2,2,1,1,1,1,2,2,2,2,1,1,1,1,2,2
14-Jan-2021,Thu,3,3,3,3,3,3,3,3,2,2,1,1,1,1,2,2,2,2,1,1,1,1,2,2
15-Jan-2021,Fri,3,3,3,3,3,3,3,3,2,2,1,1,1,1,2,2,2,2,1,1,1,1,2,2
16-Jan-2021,Sat,3,3,3,3,3,3,3,3,3,3,3,3,3,3,3,3,3,3,3,3,3,3,3,3
17-Jan-2021,Sun,3,3,3,3,3,3,3,3,3,3,3,3,3,3,3,3,3,3,3,3,3,3,3,3
18-Jan-2021,Mon,3,3,3,3,3,3,3,3,2,2,1,1,1,1,2,2,2,2,1,1,1,1,2,2
19-Jan-2021,Tue,3,3,3,3,3,3,3,3,2,2,1,1,1,1,2,2,2,2,1,1,1,1,2,2
20-Jan-2021,Wed,3,3,3,3,3,3,3,3,2,2,1,1,1,1,2,2,2,2,1,1,1,1,2,2
21-Jan-2021,Thu,3,3,3,3,3,3,3,3,2,2,1,1,1,1,2,2,2,2,1,1,1,1,2,2
22-Jan-2021,Fri,3,3,3,3,3,3,3,3,2,2,1,1,1,1,2,2,2,2,1,1,1,1,2,2
23-Jan-2021,Sat,3,3,3,3,3,3,3,3,3,3,3,3,3,3,3,3,3,3,3,3,3,3,3,3
24-Jan-2021,Sun,3,3,3,3,3,3,3,3,3,3,3,3,3,3,3,3,3,3,3,3,3,3,3,3
25-Jan-2021,Mon,3,3,3,3,3,3,3,3,2,2,1,1,1,1,2,2,2,2,1,1,1,1,2,2
26-Jan-2021,Tue,3,3,3,3,3,3,3,3,2,2,1,1,1,1,2,2,2,2,1,1,1,1,2,2
27-Jan-2021,Wed,3,3,3,3,3,3,3,3,2,2,1,1,1,1,2,2,2,2,1,1,1,1,2,2
28-Jan-2021,Thu,3,3,3,3,3,3,3,3,2,2,1,1,1,1,2,2,2,2,1,1,1,1,2,2
29-Jan-2021,Fri,3,3,3,3,3,3,3,3,2,2,1,1,1,1,2,2,2,2,1,1,1,1,2,2
30-Jan-2021,Sat,3,3,3,3,3,3,3,3,3,3,3,3,3,3,3,3,3,3,3,3,3,3,3,3
31-Jan-2021,Sun,3,3,3,3,3,3,3,3,3,3,3,3,3,3,3,3,3,3,3,3,3,3,3,3
01-Feb-2021,Mon,3,3,3,3,3,3,3,3,2,2,1,1,1,1,2,2,2,2,1,1,1,1,2,2
02-Feb-2021,Tue,3,3,3,3,3,3,3,3,2,2,1,1,1,1,2,2,2,2,1,1,1,1,2,2
03-Feb-2021,Wed,3,3,3,3,3,3,3,3,2,2,1,1,1,1,2,2,2,2,1,1,1,1,2,2
04-Feb-2021,Thu,3,3,3,3,3,3,3,3,2,2,1,1,1,1,2,2,2,2,1,1,1,1,2,2
05-Feb-2021,Fri,3,3,3,3,3,3,3,3,2,2,1,1,1,1,2,2,2,2,1,1,1,1,2,2
06-Feb-2021,Sat,3,3,3,3,3,3,3,3,3,3,3,3,3,3,3,3,3,3,3,3,3,3,3,3
07-Feb-2021,Sun,3,3,3,3,3,3,3,3,3,3,3,3,3,3,3,3,3,3,3,3,3,3,3,3
08-Feb-2021,Mon,3,3,3,3,3,3,3,3,2,2,1,1,1,1,2,2,2,2,1,1,1,1,2,2
09-Feb-2021,Tue,3,3,3,3,3,3,3,3,2,2,1,1,1,1,2,2,2,2,1,1,1,1,2,2
10-Feb-2021,Wed,3,3,3,3,3,3,3,3,2,2,1,1,1,1,2,2,2,2,1,1,1,1,2,2
11-Feb-2021,Thu,3,3,3,3,3,3,3,3,2,2,1,1,1,1,2,2,2,2,1,1,1,1,2,2
12-Feb-2021,Fri,3,3,3,3,3,3,3,3,2,2,1,1,1,1,2,2,2,2,1,1,1,1,2,2
13-Feb-2021,Sat,3,3,3,3,3,3,3,3,3,3,3,3,3,3,3,3,3,3,3,3,3,3,3,3
14-Feb-2021,Sun,3,3,3,3,3,3,3,3,3,3,3,3,3,3,3,3,3,3,3,3,3,3,3,3
15-Feb-2021,Mon,3,3,3,3,3,3,3,3,2,2,1,1,1,1,2,2,2,2,1,1,1,1,2,2
16-Feb-2021,Tue,3,3,3,3,3,3,3,3,2,2,1,1,1,1,2,2,2,2,1,1,1,1,2,2
17-Feb-2021,Wed,3,3,3,3,3,3,3,3,2,2,1,1,1,1,2,2,2,2,1,1,1,1,2,2
18-Feb-2021,Thu,3,3,3,3,3,3,3,3,2,2,1,1,1,1,2,2,2,2,1,1,1,1,2,2
19-Feb-2021,Fri,3,3,3,3,3,3,3,3,2,2,1,1,1,1,2,2,2,2,1,1,1,1,2,2
20-Feb-2021,Sat,3,3,3,3,3,3,3,3,3,3,3,3,3,3,3,3,3,3,3,3,3,3,3,3
21-Feb-2021,Sun,3,3,3,3,3,3,3,3,3,3,3,3,3,3,3,3,3,3,3,3,3,3,3,3
22-Feb-2021,Mon,3,3,3,3,3,3,3,3,2,2,1,1,1,1,2,2,2,2,1,1,1,1,2,2
23-Feb-2021,Tue,3,3,3,3,3,3,3,3,2,2,1,1,1,1,2,2,2,2,1,1,1,1,2,2
24-Feb-2021,Wed,3,3,3,3,3,3,3,3,2,2,1,1,1,1,2,2,2,2,1,1,1,1,2,2
25-Feb-2021,Thu,3,3,3,3,3,3,3,3,2,2,1,1,1,1,2,2,2,2,1,1,1,1,2,2
26-Feb-2021,Fri,3,3,3,3,3,3,3,3,2,2,1,1,1,1,2,2,2,2,1,1,1,1,2,2
27-Feb-2021,Sat,3,3,3,3,3,3,3,3,3,3,3,3,3,3,3,3,3,3,3,3,3,3,3,3
28-Feb-2021,Sun,3,3,3,3,3,3,3,3,3,3,3,3,3,3,3,3,3,3,3,3,3,3,3,3
01-Mar-2021,Mon,3,3,3,3,3,3,3,3,2,2,1,1,1,1,2,2,2,2,1,1,1,1,2,2
02-Mar-2021,Tue,3,3,3,3,3,3,3,3,2,2,1,1,1,1,2,2,2,2,1,1,1,1,2,2
03-Mar-2021,Wed,3,3,3,3,3,3,3,3,2,2,1,1,1,1,2,2,2,2,1,1,1,1,2,2
04-Mar-2021,Thu,3,3,3,3,3,3,3,3,2,2,1,1,1,1,2,2,2,2,1,1,1,1,2,2
05-Mar-2021,Fri,3,3,3,3,3,3,3,3,2,2,1,1,1,1,2,2,2,2,1,1,1,1,2,2
06-Mar-2021,Sat,3,3,3,3,3,3,3,3,3,3,3,3,3,3,3,3,3,3,3,3,3,3,3,3
07-Mar-2021,Sun,3,3,3,3,3,3,3,3,3,3,3,3,3,3,3,3,3,3,3,3,3,3,3,3
08-Mar-2021,Mon,3,3,3,3,3,3,3,3,2,2,1,1,1,1,2,2,2,2,1,1,1,1,2,2
09-Mar-2021,Tue,3,3,3,3,3,3,3,3,2,2,1,1,1,1,2,2,2,2,1,1,1,1,2,2
10-Mar-2021,Wed,3,3,3,3,3,3,3,3,2,2,1,1,1,1,2,2,2,2,1,1,1,1,2,2
11-Mar-2021,Thu,3,3,3,3,3,3,3,3,2,2,1,1,1,1,2,2,2,2,1,1,1,1,2,2
12-Mar-2021,Fri,3,3,3,3,3,3,3,3,2,2,1,1,1,1,2,2,2,2,1,1,1,1,2,2
13-Mar-2021,Sat,3,3,3,3,3,3,3,3,3,3,3,3,3,3,3,3,3,3,3,3,3,3,3,3
14-Mar-2021,Sun,3,3,3,3,3,3,3,3,3,3,3,3,3,3,3,3,3,3,3,3,3,3,3,3
15-Mar-2021,Mon,3,3,3,3,3,3,3,3,2,2,1,1,1,1,2,2,2,2,1,1,1,1,2,2
16-Mar-2021,Tue,3,3,3,3,3,3,3,3,2,2,1,1,1,1,2,2,2,2,1,1,1,1,2,2
17-Mar-2021,Wed,3,3,3,3,3,3,3,3,2,2,1,1,1,1,2,2,2,2,1,1,1,1,2,2
18-Mar-2021,Thu,3,3,3,3,3,3,3,3,2,2,1,1,1,1,2,2,2,2,1,1,1,1,2,2
19-Mar-2021,Fri,3,3,3,3,3,3,3,3,3,3,3,3,3,3,3,3,3,3,3,3,3,3,3,3
20-Mar-2021,Sat,3,3,3,3,3,3,3,3,3,3,3,3,3,3,3,3,3,3,3,3,3,3,3,3
21-Mar-2021,Sun,3,3,3,3,3,3,3,3,3,3,3,3,3,3,3,3,3,3,3,3,3,3,3,3
22-Mar-2021,Mon,3,3,3,3,3,3,3,3,2,2,1,1,1,1,2,2,2,2,1,1,1,1,2,2
23-Mar-2021,Tue,3,3,3,3,3,3,3,3,2,2,1,1,1,1,2,2,2,2,1,1,1,1,2,2
24-Mar-2021,Wed,3,3,3,3,3,3,3,3,2,2,1,1,1,1,2,2,2,2,1,1,1,1,2,2
25-Mar-2021,Thu,3,3,3,3,3,3,3,3,2,2,1,1,1,1,2,2,2,2,1,1,1,1,2,2
26-Mar-2021,Fri,3,3,3,3,3,3,3,3,2,2,1,1,1,1,2,2,2,2,1,1,1,1,2,2
27-Mar-2021,Sat,3,3,3,3,3,3,3,3,3,3,3,3,3,3,3,3,3,3,3,3,3,3,3,3
28-Mar-2021,Sun,3,3,3,3,3,3,3,3,3,3,3,3,3,3,3,3,3,3,3,3,3,3,3,3
29-Mar-2021,Mon,3,3,3,3,3,3,3,3,2,2,1,1,1,1,2,2,2,2,1,1,1,1,2,2
30-Mar-2021,Tue,3,3,3,3,3,3,3,3,2,2,1,1,1,1,2,2,2,2,1,1,1,1,2,2
31-Mar-2021,Wed,3,3,3,3,3,3,3,3,2,2,1,1,1,1,2,2,2,2,1,1,1,1,2,2
01-Apr-2021,Thu,3,3,3,3,3,3,3,3,2,2,1,1,1,1,2,2,2,2,1,1,1,1,2,2
02-Apr-2021,Fri,3,3,3,3,3,3,3,3,3,3,3,3,3,3,3,3,3,3,3,3,3,3,3,3
03-Apr-2021,Sat,3,3,3,3,3,3,3,3,3,3,3,3,3,3,3,3,3,3,3,3,3,3,3,3
04-Apr-2021,Sun,3,3,3,3,3,3,3,3,3,3,3,3,3,3,3,3,3,3,3,3,3,3,3,3
05-Apr-2021,Mon,3,3,3,3,3,3,3,3,2,2,1,1,1,1,2,2,2,2,1,1,1,1,2,2
06-Apr-2021,Tue,3,3,3,3,3,3,3,3,2,2,1,1,1,1,2,2,2,2,1,1,1,1,2,2
07-Apr-2021,Wed,3,3,3,3,3,3,3,3,2,2,1,1,1,1,2,2,2,2,1,1,1,1,2,2
08-Apr-2021,Thu,3,3,3,3,3,3,3,3,2,2,1,1,1,1,2,2,2,2,1,1,1,1,2,2
09-Apr-2021,Fri,3,3,3,3,3,3,3,3,2,2,1,1,1,1,2,2,2,2,1,1,1,1,2,2
10-Apr-2021,Sat,3,3,3,3,3,3,3,3,3,3,3,3,3,3,3,3,3,3,3,3,3,3,3,3
11-Apr-2021,Sun,3,3,3,3,3,3,3,3,3,3,3,3,3,3,3,3,3,3,3,3,3,3,3,3
12-Apr-2021,Mon,3,3,3,3,3,3,3,3,2,2,1,1,1,1,2,2,2,2,1,1,1,1,2,2
13-Apr-2021,Tue,3,3,3,3,3,3,3,3,2,2,1,1,1,1,2,2,2,2,1,1,1,1,2,2
14-Apr-2021,Wed,3,3,3,3,3,3,3,3,2,2,1,1,1,1,2,2,2,2,1,1,1,1,2,2
15-Apr-2021,Thu,3,3,3,3,3,3,3,3,2,2,1,1,1,1,2,2,2,2,1,1,1,1,2,2
16-Apr-2021,Fri,3,3,3,3,3,3,3,3,2,2,1,1,1,1,2,2,2,2,1,1,1,1,2,2
17-Apr-2021,Sat,3,3,3,3,3,3,3,3,3,3,3,3,3,3,3,3,3,3,3,3,3,3,3,3
18-Apr-2021,Sun,3,3,3,3,3,3,3,3,3,3,3,3,3,3,3,3,3,3,3,3,3,3,3,3
19-Apr-2021,Mon,3,3,3,3,3,3,3,3,2,2,1,1,1,1,2,2,2,2,1,1,1,1,2,2
20-Apr-2021,Tue,3,3,3,3,3,3,3,3,2,2,1,1,1,1,2,2,2,2,1,1,1,1,2,2
21-Apr-2021,Wed,3,3,3,3,3,3,3,3,2,2,1,1,1,1,2,2,2,2,1,1,1,1,2,2
22-Apr-2021,Thu,3,3,3,3,3,3,3,3,2,2,1,1,1,1,2,2,2,2,1,1,1,1,2,2
23-Apr-2021,Fri,3,3,3,3,3,3,3,3,2,2,1,1,1,1,2,2,2,2,1,1,1,1,2,2
24-Apr-2021,Sat,3,3,3,3,3,3,3,3,3,3,3,3,3,3,3,3,3,3,3,3,3,3,3,3
25-Apr-2021,Sun,3,3,3,3,3,3,3,3,3,3,3,3,3,3,3,3,3,3,3,3,3,3,3,3
26-Apr-2021,Mon,3,3,3,3,3,3,3,3,2,2,1,1,1,1,2,2,2,2,1,1,1,1,2,2
27-Apr-2021,Tue,3,3,3,3,3,3,3,3,2,2,1,1,1,1,2,2,2,2,1,1,1,1,2,2
28-Apr-2021,Wed,3,3,3,3,3,3,3,3,2,2,1,1,1,1,2,2,2,2,1,1,1,1,2,2
29-Apr-2021,Thu,3,3,3,3,3,3,3,3,2,2,1,1,1,1,2,2,2,2,1,1,1,1,2,2
30-Apr-2021,Fri,3,3,3,3,3,3,3,3,2,2,1,1,1,1,2,2,2,2,1,1,1,1,2,2
01-May-2021,Sat,3,3,3,3,3,3,3,3,3,3,3,3,3,3,3,3,3,3,3,3,3,3,3,3
02-May-2021,Sun,3,3,3,3,3,3,3,3,3,3,3,3,3,3,3,3,3,3,3,3,3,3,3,3
03-May-2021,Mon,3,3,3,3,3,3,3,3,2,2,1,1,1,1,2,2,2,2,1,1,1,1,2,2
04-May-2021,Tue,3,3,3,3,3,3,3,3,2,2,1,1,1,1,2,2,2,2,1,1,1,1,2,2
05-May-2021,Wed,3,3,3,3,3,3,3,3,2,2,1,1,1,1,2,2,2,2,1,1,1,1,2,2
06-May-2021,Thu,3,3,3,3,3,3,3,3,2,2,1,1,1,1,2,2,2,2,1,1,1,1,2,2
07-May-2021,Fri,3,3,3,3,3,3,3,3,2,2,1,1,1,1,2,2,2,2,1,1,1,1,2,2
08-May-2021,Sat,3,3,3,3,3,3,3,3,3,3,3,3,3,3,3,3,3,3,3,3,3,3,3,3
09-May-2021,Sun,3,3,3,3,3,3,3,3,3,3,3,3,3,3,3,3,3,3,3,3,3,3,3,3
10-May-2021,Mon,3,3,3,3,3,3,3,3,2,2,1,1,1,1,2,2,2,2,1,1,1,1,2,2
11-May-2021,Tue,3,3,3,3,3,3,3,3,2,2,1,1,1,1,2,2,2,2,1,1,1,1,2,2
12-May-2021,Wed,3,3,3,3,3,3,3,3,2,2,1,1,1,1,2,2,2,2,1,1,1,1,2,2
13-May-2021,Thu,3,3,3,3,3,3,3,3,2,2,1,1,1,1,2,2,2,2,1,1,1,1,2,2
14-May-2021,Fri,3,3,3,3,3,3,3,3,2,2,1,1,1,1,2,2,2,2,1,1,1,1,2,2
15-May-2021,Sat,3,3,3,3,3,3,3,3,3,3,3,3,3,3,3,3,3,3,3,3,3,3,3,3
16-May-2021,Sun,3,3,3,3,3,3,3,3,3,3,3,3,3,3,3,3,3,3,3,3,3,3,3,3
17-May-2021,Mon,3,3,3,3,3,3,3,3,2,2,1,1,1,1,2,2,2,2,1,1,1,1,2,2
18-May-2021,Tue,3,3,3,3,3,3,3,3,2,2,1,1,1,1,2,2,2,2,1,1,1,1,2,2
19-May-2021,Wed,3,3,3,3,3,3,3,3,2,2,1,1,1,1,2,2,2,2,1,1,1,1,2,2
20-May-2021,Thu,3,3,3,3,3,3,3,3,2,2,1,1,1,1,2,2,2,2,1,1,1,1,2,2
21-May-2021,Fri,3,3,3,3,3,3,3,3,2,2,1,1,1,1,2,2,2,2,1,1,1,1,2,2
22-May-2021,Sat,3,3,3,3,3,3,3,3,3,3,3,3,3,3,3,3,3,3,3,3,3,3,3,3
23-May-2021,Sun,3,3,3,3,3,3,3,3,3,3,3,3,3,3,3,3,3,3,3,3,3,3,3,3
24-May-2021,Mon,3,3,3,3,3,3,3,3,2,2,1,1,1,1,2,2,2,2,1,1,1,1,2,2
25-May-2021,Tue,3,3,3,3,3,3,3,3,2,2,1,1,1,1,2,2,2,2,1,1,1,1,2,2
26-May-2021,Wed,3,3,3,3,3,3,3,3,2,2,1,1,1,1,2,2,2,2,1,1,1,1,2,2
27-May-2021,Thu,3,3,3,3,3,3,3,3,2,2,1,1,1,1,2,2,2,2,1,1,1,1,2,2
28-May-2021,Fri,3,3,3,3,3,3,3,3,2,2,1,1,1,1,2,2,2,2,1,1,1,1,2,2
29-May-2021,Sat,3,3,3,3,3,3,3,3,3,3,3,3,3,3,3,3,3,3,3,3,3,3,3,3
30-May-2021,Sun,3,3,3,3,3,3,3,3,3,3,3,3,3,3,3,3,3,3,3,3,3,3,3,3
31-May-2021,Mon,3,3,3,3,3,3,3,3,2,2,1,1,1,1,2,2,2,2,1,1,1,1,2,2
01-Jun-2021,Tue,3,3,3,3,3,3,3,3,2,2,1,1,1,1,2,2,2,2,1,1,1,1,2,2
02-Jun-2021,Wed,3,3,3,3,3,3,3,3,2,2,1,1,1,1,2,2,2,2,1,1,1,1,2,2
03-Jun-2021,Thu,3,3,3,3,3,3,3,3,2,2,1,1,1,1,2,2,2,2,1,1,1,1,2,2
04-Jun-2021,Fri,3,3,3,3,3,3,3,3,2,2,1,1,1,1,2,2,2,2,1,1,1,1,2,2
05-Jun-2021,Sat,3,3,3,3,3,3,3,3,3,3,3,3,3,3,3,3,3,3,3,3,3,3,3,3
06-Jun-2021,Sun,3,3,3,3,3,3,3,3,3,3,3,3,3,3,3,3,3,3,3,3,3,3,3,3
07-Jun-2021,Mon,3,3,3,3,3,3,3,3,2,2,1,1,1,1,2,2,2,2,1,1,1,1,2,2
08-Jun-2021,Tue,3,3,3,3,3,3,3,3,2,2,1,1,1,1,2,2,2,2,1,1,1,1,2,2
09-Jun-2021,Wed,3,3,3,3,3,3,3,3,2,2,1,1,1,1,2,2,2,2,1,1,1,1,2,2
10-Jun-2021,Thu,3,3,3,3,3,3,3,3,2,2,1,1,1,1,2,2,2,2,1,1,1,1,2,2
11-Jun-2021,Fri,3,3,3,3,3,3,3,3,2,2,1,1,1,1,2,2,2,2,1,1,1,1,2,2
12-Jun-2021,Sat,3,3,3,3,3,3,3,3,3,3,3,3,3,3,3,3,3,3,3,3,3,3,3,3
13-Jun-2021,Sun,3,3,3,3,3,3,3,3,3,3,3,3,3,3,3,3,3,3,3,3,3,3,3,3
14-Jun-2021,Mon,3,3,3,3,3,3,3,3,2,2,1,1,1,1,2,2,2,2,1,1,1,1,2,2
15-Jun-2021,Tue,3,3,3,3,3,3,3,3,2,2,1,1,1,1,2,2,2,2,1,1,1,1,2,2
16-Jun-2021,Wed,3,3,3,3,3,3,3,3,2,2,1,1,1,1,2,2,2,2,1,1,1,1,2,2
17-Jun-2021,Thu,3,3,3,3,3,3,3,3,2,2,1,1,1,1,2,2,2,2,1,1,1,1,2,2
18-Jun-2021,Fri,3,3,3,3,3,3,3,3,2,2,1,1,1,1,2,2,2,2,1,1,1,1,2,2
19-Jun-2021,Sat,3,3,3,3,3,3,3,3,3,3,3,3,3,3,3,3,3,3,3,3,3,3,3,3
20-Jun-2021,Sun,3,3,3,3,3,3,3,3,3,3,3,3,3,3,3,3,3,3,3,3,3,3,3,3
21-Jun-2021,Mon,3,3,3,3,3,3,3,3,2,2,1,1,1,1,2,2,2,2,1,1,1,1,2,2
22-Jun-2021,Tue,3,3,3,3,3,3,3,3,2,2,1,1,1,1,2,2,2,2,1,1,1,1,2,2
23-Jun-2021,Wed,3,3,3,3,3,3,3,3,2,2,1,1,1,1,2,2,2,2,1,1,1,1,2,2
24-Jun-2021,Thu,3,3,3,3,3,3,3,3,2,2,1,1,1,1,2,2,2,2,1,1,1,1,2,2
25-Jun-2021,Fri,3,3,3,3,3,3,3,3,2,2,1,1,1,1,2,2,2,2,1,1,1,1,2,2
26-Jun-2021,Sat,3,3,3,3,3,3,3,3,3,3,3,3,3,3,3,3,3,3,3,3,3,3,3,3
27-Jun-2021,Sun,3,3,3,3,3,3,3,3,3,3,3,3,3,3,3,3,3,3,3,3,3,3,3,3
28-Jun-2021,Mon,3,3,3,3,3,3,3,3,2,2,1,1,1,1,2,2,2,2,1,1,1,1,2,2
29-Jun-2021,Tue,3,3,3,3,3,3,3,3,2,2,1,1,1,1,2,2,2,2,1,1,1,1,2,2
30-Jun-2021,Wed,3,3,3,3,3,3,3,3,2,2,1,1,1,1,2,2,2,2,1,1,1,1,2,2
01-Jul-2021,Thu,3,3,3,3,3,3,3,3,2,2,1,1,1,1,2,2,2,2,1,1,1,1,2,2
02-Jul-2021,Fri,3,3,3,3,3,3,3,3,2,2,1,1,1,1,2,2,2,2,1,1,1,1,2,2
03-Jul-2021,Sat,3,3,3,3,3,3,3,3,3,3,3,3,3,3,3,3,3,3,3,3,3,3,3,3
04-Jul-2021,Sun,3,3,3,3,3,3,3,3,3,3,3,3,3,3,3,3,3,3,3,3,3,3,3,3
05-Jul-2021,Mon,3,3,3,3,3,3,3,3,2,2,1,1,1,1,2,2,2,2,1,1,1,1,2,2
06-Jul-2021,Tue,3,3,3,3,3,3,3,3,2,2,1,1,1,1,2,2,2,2,1,1,1,1,2,2
07-Jul-2021,Wed,3,3,3,3,3,3,3,3,2,2,1,1,1,1,2,2,2,2,1,1,1,1,2,2
08-Jul-2021,Thu,3,3,3,3,3,3,3,3,2,2,1,1,1,1,2,2,2,2,1,1,1,1,2,2
09-Jul-2021,Fri,3,3,3,3,3,3,3,3,2,2,1,1,1,1,2,2,2,2,1,1,1,1,2,2
10-Jul-2021,Sat,3,3,3,3,3,3,3,3,3,3,3,3,3,3,3,3,3,3,3,3,3,3,3,3
11-Jul-2021,Sun,3,3,3,3,3,3,3,3,3,3,3,3,3,3,3,3,3,3,3,3,3,3,3,3
12-Jul-2021,Mon,3,3,3,3,3,3,3,3,2,2,1,1,1,1,2,2,2,2,1,1,1,1,2,2
13-Jul-2021,Tue,3,3,3,3,3,3,3,3,2,2,1,1,1,1,2,2,2,2,1,1,1,1,2,2
14-Jul-2021,Wed,3,3,3,3,3,3,3,3,2,2,1,1,1,1,2,2,2,2,1,1,1,1,2,2
15-Jul-2021,Thu,3,3,3,3,3,3,3,3,2,2,1,1,1,1,2,2,2,2,1,1,1,1,2,2
16-Jul-2021,Fri,3,3,3,3,3,3,3,3,2,2,1,1,1,1,2,2,2,2,1,1,1,1,2,2
17-Jul-2021,Sat,3,3,3,3,3,3,3,3,3,3,3,3,3,3,3,3,3,3,3,3,3,3,3,3
18-Jul-2021,Sun,3,3,3,3,3,3,3,3,3,3,3,3,3,3,3,3,3,3,3,3,3,3,3,3
19-Jul-2021,Mon,3,3,3,3,3,3,3,3,2,2,1,1,1,1,2,2,2,2,1,1,1,1,2,2
20-Jul-2021,Tue,3,3,3,3,3,3,3,3,2,2,1,1,1,1,2,2,2,2,1,1,1,1,2,2
21-Jul-2021,Wed,3,3,3,3,3,3,3,3,2,2,1,1,1,1,2,2,2,2,1,1,1,1,2,2
22-Jul-2021,Thu,3,3,3,3,3,3,3,3,2,2,1,1,1,1,2,2,2,2,1,1,1,1,2,2
23-Jul-2021,Fri,3,3,3,3,3,3,3,3,2,2,1,1,1,1,2,2,2,2,1,1,1,1,2,2
24-Jul-2021,Sat,3,3,3,3,3,3,3,3,3,3,3,3,3,3,3,3,3,3,3,3,3,3,3,3
25-Jul-2021,Sun,3,3,3,3,3,3,3,3,3,3,3,3,3,3,3,3,3,3,3,3,3,3,3,3
26-Jul-2021,Mon,3,3,3,3,3,3,3,3,2,2,1,1,1,1,2,2,2,2,1,1,1,1,2,2
27-Jul-2021,Tue,3,3,3,3,3,3,3,3,2,2,1,1,1,1,2,2,2,2,1,1,1,1,2,2
28-Jul-2021,Wed,3,3,3,3,3,3,3,3,2,2,1,1,1,1,2,2,2,2,1,1,1,1,2,2
29-Jul-2021,Thu,3,3,3,3,3,3,3,3,2,2,1,1,1,1,2,2,2,2,1,1,1,1,2,2
30-Jul-2021,Fri,3,3,3,3,3,3,3,3,2,2,1,1,1,1,2,2,2,2,1,1,1,1,2,2
31-Jul-2021,Sat,3,3,3,3,3,3,3,3,3,3,3,3,3,3,3,3,3,3,3,3,3,3,3,3
01-Aug-2021,Sun,3,3,3,3,3,3,3,3,3,3,3,3,3,3,3,3,3,3,3,3,3,3,3,3
02-Aug-2021,Mon,3,3,3,3,3,3,3,3,2,2,1,1,1,1,2,2,2,2,1,1,1,1,2,2
03-Aug-2021,Tue,3,3,3,3,3,3,3,3,2,2,1,1,1,1,2,2,2,2,1,1,1,1,2,2
04-Aug-2021,Wed,3,3,3,3,3,3,3,3,2,2,1,1,1,1,2,2,2,2,1,1,1,1,2,2
05-Aug-2021,Thu,3,3,3,3,3,3,3,3,2,2,1,1,1,1,2,2,2,2,1,1,1,1,2,2
06-Aug-2021,Fri,3,3,3,3,3,3,3,3,2,2,1,1,1,1,2,2,2,2,1,1,1,1,2,2
07-Aug-2021,Sat,3,3,3,3,3,3,3,3,3,3,3,3,3,3,3,3,3,3,3,3,3,3,3,3
08-Aug-2021,Sun,3,3,3,3,3,3,3,3,3,3,3,3,3,3,3,3,3,3,3,3,3,3,3,3
09-Aug-2021,Mon,3,3,3,3,3,3,3,3,2,2,1,1,1,1,2,2,2,2,1,1,1,1,2,2
10-Aug-2021,Tue,3,3,3,3,3,3,3,3,2,2,1,1,1,1,2,2,2,2,1,1,1,1,2,2
11-Aug-2021,Wed,3,3,3,3,3,3,3,3,2,2,1,1,1,1,2,2,2,2,1,1,1,1,2,2
12-Aug-2021,Thu,3,3,3,3,3,3,3,3,2,2,1,1,1,1,2,2,2,2,1,1,1,1,2,2
13-Aug-2021,Fri,3,3,3,3,3,3,3,3,2,2,1,1,1,1,2,2,2,2,1,1,1,1,2,2
14-Aug-2021,Sat,3,3,3,3,3,3,3,3,3,3,3,3,3,3,3,3,3,3,3,3,3,3,3,3
15-Aug-2021,Sun,3,3,3,3,3,3,3,3,3,3,3,3,3,3,3,3,3,3,3,3,3,3,3,3
16-Aug-2021,Mon,3,3,3,3,3,3,3,3,2,2,1,1,1,1,2,2,2,2,1,1,1,1,2,2
17-Aug-2021,Tue,3,3,3,3,3,3,3,3,2,2,1,1,1,1,2,2,2,2,1,1,1,1,2,2
18-Aug-2021,Wed,3,3,3,3,3,3,3,3,2,2,1,1,1,1,2,2,2,2,1,1,1,1,2,2
19-Aug-2021,Thu,3,3,3,3,3,3,3,3,2,2,1,1,1,1,2,2,2,2,1,1,1,1,2,2
20-Aug-2021,Fri,3,3,3,3,3,3,3,3,2,2,1,1,1,1,2,2,2,2,1,1,1,1,2,2
21-Aug-2021,Sat,3,3,3,3,3,3,3,3,3,3,3,3,3,3,3,3,3,3,3,3,3,3,3,3
22-Aug-2021,Sun,3,3,3,3,3,3,3,3,3,3,3,3,3,3,3,3,3,3,3,3,3,3,3,3
23-Aug-2021,Mon,3,3,3,3,3,3,3,3,2,2,1,1,1,1,2,2,2,2,1,1,1,1,2,2
24-Aug-2021,Tue,3,3,3,3,3,3,3,3,2,2,1,1,1,1,2,2,2,2,1,1,1,1,2,2
25-Aug-2021,Wed,3,3,3,3,3,3,3,3,2,2,1,1,1,1,2,2,2,2,1,1,1,1,2,2
26-Aug-2021,Thu,3,3,3,3,3,3,3,3,2,2,1,1,1,1,2,2,2,2,1,1,1,1,2,2
27-Aug-2021,Fri,3,3,3,3,3,3,3,3,2,2,1,1,1,1,2,2,2,2,1,1,1,1,2,2
28-Aug-2021,Sat,3,3,3,3,3,3,3,3,3,3,3,3,3,3,3,3,3,3,3,3,3,3,3,3
29-Aug-2021,Sun,3,3,3,3,3,3,3,3,3,3,3,3,3,3,3,3,3,3,3,3,3,3,3,3
30-Aug-2021,Mon,3,3,3,3,3,3,3,3,2,2,1,1,1,1,2,2,2,2,1,1,1,1,2,2
31-Aug-2021,Tue,3,3,3,3,3,3,3,3,2,2,1,1,1,1,2,2,2,2,1,1,1,1,2,2
01-Sep-2021,Wed,3,3,3,3,3,3,3,3,2,2,1,1,1,1,2,2,2,2,1,1,1,1,2,2
02-Sep-2021,Thu,3,3,3,3,3,3,3,3,2,2,1,1,1,1,2,2,2,2,1,1,1,1,2,2
03-Sep-2021,Fri,3,3,3,3,3,3,3,3,2,2,1,1,1,1,2,2,2,2,1,1,1,1,2,2
04-Sep-2021,Sat,3,3,3,3,3,3,3,3,3,3,3,3,3,3,3,3,3,3,3,3,3,3,3,3
05-Sep-2021,Sun,3,3,3,3,3,3,3,3,3,3,3,3,3,3,3,3,3,3,3,3,3,3,3,3
06-Sep-2021,Mon,3,3,3,3,3,3,3,3,2,2,1,1,1,1,2,2,2,2,1,1,1,1,2,2
07-Sep-2021,Tue,3,3,3,3,3,3,3,3,2,2,1,1,1,1,2,2,2,2,1,1,1,1,2,2
08-Sep-2021,Wed,3,3,3,3,3,3,3,3,2,2,1,1,1,1,2,2,2,2,1,1,1,1,2,2
09-Sep-2021,Thu,3,3,3,3,3,3,3,3,2,2,1,1,1,1,2,2,2,2,1,1,1,1,2,2
10-Sep-2021,Fri,3,3,3,3,3,3,3,3,2,2,1,1,1,1,2,2,2,2,1,1,1,1,2,2
11-Sep-2021,Sat,3,3,3,3,3,3,3,3,3,3,3,3,3,3,3,3,3,3,3,3,3,3,3,3
12-Sep-2021,Sun,3,3,3,3,3,3,3,3,3,3,3,3,3,3,3,3,3,3,3,3,3,3,3,3
13-Sep-2021,Mon,3,3,3,3,3,3,3,3,2,2,1,1,1,1,2,2,2,2,1,1,1,1,2,2
14-Sep-2021,Tue,3,3,3,3,3,3,3,3,2,2,1,1,1,1,2,2,2,2,1,1,1,1,2,2
15-Sep-2021,Wed,3,3,3,3,3,3,3,3,2,2,1,1,1,1,2,2,2,2,1,1,1,1,2,2
16-Sep-2021,Thu,3,3,3,3,3,3,3,3,2,2,1,1,1,1,2,2,2,2,1,1,1,1,2,2
17-Sep-2021,Fri,3,3,3,3,3,3,3,3,2,2,1,1,1,1,2,2,2,2,1,1,1,1,2,2
18-Sep-2021,Sat,3,3,3,3,3,3,3,3,3,3,3,3,3,3,3,3,3,3,3,3,3,3,3,3
19-Sep-2021,Sun,3,3,3,3,3,3,3,3,3,3,3,3,3,3,3,3,3,3,3,3,3,3,3,3
20-Sep-2021,Mon,3,3,3,3,3,3,3,3,2,2,1,1,1,1,2,2,2,2,1,1,1,1,2,2
21-Sep-2021,Tue,3,3,3,3,3,3,3,3,2,2,1,1,1,1,2,2,2,2,1,1,1,1,2,2
22-Sep-2021,Wed,3,3,3,3,3,3,3,3,2,2,1,1,1,1,2,2,2,2,1,1,1,1,2,2
23-Sep-2021,Thu,3,3,3,3,3,3,3,3,2,2,1,1,1,1,2,2,2,2,1,1,1,1,2,2
24-Sep-2021,Fri,3,3,3,3,3,3,3,3,2,2,1,1,1,1,2,2,2,2,1,1,1,1,2,2
25-Sep-2021,Sat,3,3,3,3,3,3,3,3,3,3,3,3,3,3,3,3,3,3,3,3,3,3,3,3
26-Sep-2021,Sun,3,3,3,3,3,3,3,3,3,3,3,3,3,3,3,3,3,3,3,3,3,3,3,3
27-Sep-2021,Mon,3,3,3,3,3,3,3,3,2,2,1,1,1,1,2,2,2,2,1,1,1,1,2,2
28-Sep-2021,Tue,3,3,3,3,3,3,3,3,2,2,1,1,1,1,2,2,2,2,1,1,1,1,2,2
29-Sep-2021,Wed,3,3,3,3,3,3,3,3,2,2,1,1,1,1,2,2,2,2,1,1,1,1,2,2
30-Sep-2021,Thu,3,3,3,3,3,3,3,3,2,2,1,1,1,1,2,2,2,2,1,1,1,1,2,2
01-Oct-2021,Fri,3,3,3,3,3,3,3,3,2,2,1,1,1,1,2,2,2,2,1,1,1,1,2,2
02-Oct-2021,Sat,3,3,3,3,3,3,3,3,3,3,3,3,3,3,3,3,3,3,3,3,3,3,3,3
03-Oct-2021,Sun,3,3,3,3,3,3,3,3,3,3,3,3,3,3,3,3,3,3,3,3,3,3,3,3
04-Oct-2021,Mon,3,3,3,3,3,3,3,3,2,2,1,1,1,1,2,2,2,2,1,1,1,1,2,2
05-Oct-2021,Tue,3,3,3,3,3,3,3,3,2,2,1,1,1,1,2,2,2,2,1,1,1,1,2,2
06-Oct-2021,Wed,3,3,3,3,3,3,3,3,2,2,1,1,1,1,2,2,2,2,1,1,1,1,2,2
07-Oct-2021,Thu,3,3,3,3,3,3,3,3,2,2,1,1,1,1,2,2,2,2,1,1,1,1,2,2
08-Oct-2021,Fri,3,3,3,3,3,3,3,3,2,2,1,1,1,1,2,2,2,2,1,1,1,1,2,2
09-Oct-2021,Sat,3,3,3,3,3,3,3,3,3,3,3,3,3,3,3,3,3,3,3,3,3,3,3,3
10-Oct-2021,Sun,3,3,3,3,3,3,3,3,3,3,3,3,3,3,3,3,3,3,3,3,3,3,3,3
11-Oct-2021,Mon,3,3,3,3,3,3,3,3,2,2,1,1,1,1,2,2,2,2,1,1,1,1,2,2
12-Oct-2021,Tue,3,3,3,3,3,3,3,3,3,3,3,3,3,3,3,3,3,3,3,3,3,3,3,3
13-Oct-2021,Wed,3,3,3,3,3,3,3,3,2,2,1,1,1,1,2,2,2,2,1,1,1,1,2,2
14-Oct-2021,Thu,3,3,3,3,3,3,3,3,2,2,1,1,1,1,2,2,2,2,1,1,1,1,2,2
15-Oct-2021,Fri,3,3,3,3,3,3,3,3,2,2,1,1,1,1,2,2,2,2,1,1,1,1,2,2
16-Oct-2021,Sat,3,3,3,3,3,3,3,3,3,3,3,3,3,3,3,3,3,3,3,3,3,3,3,3
17-Oct-2021,Sun,3,3,3,3,3,3,3,3,3,3,3,3,3,3,3,3,3,3,3,3,3,3,3,3
18-Oct-2021,Mon,3,3,3,3,3,3,3,3,2,2,1,1,1,1,2,2,2,2,1,1,1,1,2,2
19-Oct-2021,Tue,3,3,3,3,3,3,3,3,2,2,1,1,1,1,2,2,2,2,1,1,1,1,2,2
20-Oct-2021,Wed,3,3,3,3,3,3,3,3,2,2,1,1,1,1,2,2,2,2,1,1,1,1,2,2
21-Oct-2021,Thu,3,3,3,3,3,3,3,3,2,2,1,1,1,1,2,2,2,2,1,1,1,1,2,2
22-Oct-2021,Fri,3,3,3,3,3,3,3,3,2,2,1,1,1,1,2,2,2,2,1,1,1,1,2,2
23-Oct-2021,Sat,3,3,3,3,3,3,3,3,3,3,3,3,3,3,3,3,3,3,3,3,3,3,3,3
24-Oct-2021,Sun,3,3,3,3,3,3,3,3,3,3,3,3,3,3,3,3,3,3,3,3,3,3,3,3
25-Oct-2021,Mon,3,3,3,3,3,3,3,3,2,2,1,1,1,1,2,2,2,2,1,1,1,1,2,2
26-Oct-2021,Tue,3,3,3,3,3,3,3,3,2,2,1,1,1,1,2,2,2,2,1,1,1,1,2,2
27-Oct-2021,Wed,3,3,3,3,3,3,3,3,2,2,1,1,1,1,2,2,2,2,1,1,1,1,2,2
28-Oct-2021,Thu,3,3,3,3,3,3,3,3,2,2,1,1,1,1,2,2,2,2,1,1,1,1,2,2
29-Oct-2021,Fri,3,3,3,3,3,3,3,3,2,2,1,1,1,1,2,2,2,2,1,1,1,1,2,2
30-Oct-2021,Sat,3,3,3,3,3,3,3,3,3,3,3,3,3,3,3,3,3,3,3,3,3,3,3,3
31-Oct-2021,Sun,3,3,3,3,3,3,3,3,3,3,3,3,3,3,3,3,3,3,3,3,3,3,3,3
01-Nov-2021,Mon,3,3,3,3,3,3,3,3,3,3,3,3,3,3,3,3,3,3,3,3,3,3,3,3
02-Nov-2021,Tue,3,3,3,3,3,3,3,3,2,2,1,1,1,1,2,2,2,2,1,1,1,1,2,2
03-Nov-2021,Wed,3,3,3,3,3,3,3,3,2,2,1,1,1,1,2,2,2,2,1,1,1,1,2,2
04-Nov-2021,Thu,3,3,3,3,3,3,3,3,2,2,1,1,1,1,2,2,2,2,1,1,1,1,2,2
05-Nov-2021,Fri,3,3,3,3,3,3,3,3,2,2,1,1,1,1,2,2,2,2,1,1,1,1,2,2
06-Nov-2021,Sat,3,3,3,3,3,3,3,3,3,3,3,3,3,3,3,3,3,3,3,3,3,3,3,3
07-Nov-2021,Sun,3,3,3,3,3,3,3,3,3,3,3,3,3,3,3,3,3,3,3,3,3,3,3,3
08-Nov-2021,Mon,3,3,3,3,3,3,3,3,2,2,1,1,1,1,2,2,2,2,1,1,1,1,2,2
09-Nov-2021,Tue,3,3,3,3,3,3,3,3,2,2,1,1,1,1,2,2,2,2,1,1,1,1,2,2
10-Nov-2021,Wed,3,3,3,3,3,3,3,3,2,2,1,1,1,1,2,2,2,2,1,1,1,1,2,2
11-Nov-2021,Thu,3,3,3,3,3,3,3,3,2,2,1,1,1,1,2,2,2,2,1,1,1,1,2,2
12-Nov-2021,Fri,3,3,3,3,3,3,3,3,2,2,1,1,1,1,2,2,2,2,1,1,1,1,2,2
13-Nov-2021,Sat,3,3,3,3,3,3,3,3,3,3,3,3,3,3,3,3,3,3,3,3,3,3,3,3
14-Nov-2021,Sun,3,3,3,3,3,3,3,3,3,3,3,3,3,3,3,3,3,3,3,3,3,3,3,3
15-Nov-2021,Mon,3,3,3,3,3,3,3,3,2,2,1,1,1,1,2,2,2,2,1,1,1,1,2,2
16-Nov-2021,Tue,3,3,3,3,3,3,3,3,2,2,1,1,1,1,2,2,2,2,1,1,1,1,2,2
17-Nov-2021,Wed,3,3,3,3,3,3,3,3,2,2,1,1,1,1,2,2,2,2,1,1,1,1,2,2
18-Nov-2021,Thu,3,3,3,3,3,3,3,3,2,2,1,1,1,1,2,2,2,2,1,1,1,1,2,2
19-Nov-2021,Fri,3,3,3,3,3,3,3,3,2,2,1,1,1,1,2,2,2,2,1,1,1,1,2,2
20-Nov-2021,Sat,3,3,3,3,3,3,3,3,3,3,3,3,3,3,3,3,3,3,3,3,3,3,3,3
21-Nov-2021,Sun,3,3,3,3,3,3,3,3,3,3,3,3,3,3,3,3,3,3,3,3,3,3,3,3
22-Nov-2021,Mon,3,3,3,3,3,3,3,3,2,2,1,1,1,1,2,2,2,2,1,1,1,1,2,2
23-Nov-2021,Tue,3,3,3,3,3,3,3,3,2,2,1,1,1,1,2,2,2,2,1,1,1,1,2,2
24-Nov-2021,Wed,3,3,3,3,3,3,3,3,2,2,1,1,1,1,2,2,2,2,1,1,1,1,2,2
25-Nov-2021,Thu,3,3,3,3,3,3,3,3,2,2,1,1,1,1,2,2,2,2,1,1,1,1,2,2
26-Nov-2021,Fri,3,3,3,3,3,3,3,3,2,2,1,1,1,1,2,2,2,2,1,1,1,1,2,2
27-Nov-2021,Sat,3,3,3,3,3,3,3,3,3,3,3,3,3,3,3,3,3,3,3,3,3,3,3,3
28-Nov-2021,Sun,3,3,3,3,3,3,3,3,3,3,3,3,3,3,3,3,3,3,3,3,3,3,3,3
29-Nov-2021,Mon,3,3,3,3,3,3,3,3,2,2,1,1,1,1,2,2,2,2,1,1,1,1,2,2
30-Nov-2021,Tue,3,3,3,3,3,3,3,3,2,2,1,1,1,1,2,2,2,2,1,1,1,1,2,2
01-Dec-2021,Wed,3,3,3,3,3,3,3,3,2,2,1,1,1,1,2,2,2,2,1,1,1,1,2,2
02-Dec-2021,Thu,3,3,3,3,3,3,3,3,2,2,1,1,1,1,2,2,2,2,1,1,1,1,2,2
03-Dec-2021,Fri,3,3,3,3,3,3,3,3,2,2,1,1,1,1,2,2,2,2,1,1,1,1,2,2
04-Dec-2021,Sat,3,3,3,3,3,3,3,3,3,3,3,3,3,3,3,3,3,3,3,3,3,3,3,3
05-Dec-2021,Sun,3,3,3,3,3,3,3,3,3,3,3,3,3,3,3,3,3,3,3,3,3,3,3,3
06-Dec-2021,Mon,3,3,3,3,3,3,3,3,3,3,3,3,3,3,3,3,3,3,3,3,3,3,3,3
07-Dec-2021,Tue,3,3,3,3,3,3,3,3,2,2,1,1,1,1,2,2,2,2,1,1,1,1,2,2
08-Dec-2021,Wed,3,3,3,3,3,3,3,3,3,3,3,3,3,3,3,3,3,3,3,3,3,3,3,3
09-Dec-2021,Thu,3,3,3,3,3,3,3,3,2,2,1,1,1,1,2,2,2,2,1,1,1,1,2,2
10-Dec-2021,Fri,3,3,3,3,3,3,3,3,2,2,1,1,1,1,2,2,2,2,1,1,1,1,2,2
11-Dec-2021,Sat,3,3,3,3,3,3,3,3,3,3,3,3,3,3,3,3,3,3,3,3,3,3,3,3
12-Dec-2021,Sun,3,3,3,3,3,3,3,3,3,3,3,3,3,3,3,3,3,3,3,3,3,3,3,3
13-Dec-2021,Mon,3,3,3,3,3,3,3,3,2,2,1,1,1,1,2,2,2,2,1,1,1,1,2,2
14-Dec-2021,Tue,3,3,3,3,3,3,3,3,2,2,1,1,1,1,2,2,2,2,1,1,1,1,2,2
15-Dec-2021,Wed,3,3,3,3,3,3,3,3,2,2,1,1,1,1,2,2,2,2,1,1,1,1,2,2
16-Dec-2021,Thu,3,3,3,3,3,3,3,3,2,2,1,1,1,1,2,2,2,2,1,1,1,1,2,2
17-Dec-2021,Fri,3,3,3,3,3,3,3,3,2,2,1,1,1,1,2,2,2,2,1,1,1,1,2,2
18-Dec-2021,Sat,3,3,3,3,3,3,3,3,3,3,3,3,3,3,3,3,3,3,3,3,3,3,3,3
19-Dec-2021,Sun,3,3,3,3,3,3,3,3,3,3,3,3,3,3,3,3,3,3,3,3,3,3,3,3
20-Dec-2021,Mon,3,3,3,3,3,3,3,3,2,2,1,1,1,1,2,2,2,2,1,1,1,1,2,2
21-Dec-2021,Tue,3,3,3,3,3,3,3,3,2,2,1,1,1,1,2,2,2,2,1,1,1,1,2,2
22-Dec-2021,Wed,3,3,3,3,3,3,3,3,2,2,1,1,1,1,2,2,2,2,1,1,1,1,2,2
23-Dec-2021,Thu,3,3,3,3,3,3,3,3,2,2,1,1,1,1,2,2,2,2,1,1,1,1,2,2
24-Dec-2021,Fri,3,3,3,3,3,3,3,3,2,2,1,1,1,1,2,2,2,2,1,1,1,1,2,2
25-Dec-2021,Sat,3,3,3,3,3,3,3,3,3,3,3,3,3,3,3,3,3,3,3,3,3,3,3,3
26-Dec-2021,Sun,3,3,3,3,3,3,3,3,3,3,3,3,3,3,3,3,3,3,3,3,3,3,3,3
27-Dec-2021,Mon,3,3,3,3,3,3,3,3,2,2,1,1,1,1,2,2,2,2,1,1,1,1,2,2
28-Dec-2021,Tue,3,3,3,3,3,3,3,3,2,2,1,1,1,1,2,2,2,2,1,1,1,1,2,2
29-Dec-2021,Wed,3,3,3,3,3,3,3,3,2,2,1,1,1,1,2,2,2,2,1,1,1,1,2,2
30-Dec-2021,Thu,3,3,3,3,3,3,3,3,2,2,1,1,1,1,2,2,2,2,1,1,1,1,2,2
31-Dec-2021,Fri,3,3,3,3,3,3,3,3,2,2,1,1,1,1,2,2,2,2,1,1,1,1,2,2
